{
	"credit": "Made with Blockbench",
	"texture_size": [32, 32],
	"textures": {
		"1": "item/nbt/divine_wards/bone_shield"
	},
	"elements": [
		{
			"name": "oben",
			"from": [4, 19, 11],
			"to": [12, 20, 12],
			"faces": {
				"north": {"uv": [14.5, 0, 10.5, 0.5], "texture": "#1"},
				"east": {"uv": [5.5, 0, 5, 0.5], "texture": "#1"},
				"south": {"uv": [1.5, 0, 5.5, 0.5], "texture": "#1"},
				"west": {"uv": [1.5, 0, 2, 0.5], "texture": "#1"},
				"up": {"uv": [1.5, 0, 5.5, 0.5], "texture": "#1"}
			}
		},
		{
			"name": "oben",
			"from": [2, 17, 11],
			"to": [14, 19, 12],
			"faces": {
				"north": {"uv": [15.5, 0.5, 9.5, 1.5], "texture": "#1"},
				"east": {"uv": [6.5, 0.5, 6, 1.5], "texture": "#1"},
				"south": {"uv": [0.5, 0.5, 6.5, 1.5], "texture": "#1"},
				"west": {"uv": [0.5, 0.5, 1, 1.5], "texture": "#1"},
				"up": {"uv": [0.5, 0.5, 6.5, 1], "texture": "#1"}
			}
		},
		{
			"name": "mitte",
			"from": [1, 7, 11],
			"to": [15, 17, 12],
			"faces": {
				"north": {"uv": [16, 1.5, 9, 6.5], "texture": "#1"},
				"east": {"uv": [7, 1.5, 6.5, 6.5], "texture": "#1"},
				"south": {"uv": [0, 1.5, 7, 6.5], "texture": "#1"},
				"west": {"uv": [0, 1.5, 0.5, 6.5], "texture": "#1"},
				"up": {"uv": [0, 1.5, 7, 2], "texture": "#1"},
				"down": {"uv": [0, 6, 7, 6.5], "texture": "#1"}
			}
		},
		{
			"name": "mitte",
			"from": [2, 5, 11],
			"to": [14, 7, 12],
			"faces": {
				"north": {"uv": [15.5, 6.5, 9.5, 7.5], "texture": "#1"},
				"east": {"uv": [6.5, 6.5, 6, 7.5], "texture": "#1"},
				"south": {"uv": [0.5, 6.5, 6.5, 7.5], "texture": "#1"},
				"west": {"uv": [0.5, 6.5, 1, 7.5], "texture": "#1"},
				"down": {"uv": [0.5, 7, 6.5, 7.5], "texture": "#1"}
			}
		},
		{
			"name": "mitte",
			"from": [4, 4, 11],
			"to": [12, 5, 12],
			"faces": {
				"north": {"uv": [14.5, 7.5, 10.5, 8], "texture": "#1"},
				"east": {"uv": [5.5, 7.5, 5, 8], "texture": "#1"},
				"south": {"uv": [1.5, 7.5, 5.5, 8], "texture": "#1"},
				"west": {"uv": [1.5, 7.5, 2, 8], "texture": "#1"},
				"down": {"uv": [1.5, 7.5, 5.5, 8], "texture": "#1"}
			}
		}
	],
	"display": {
		"thirdperson_righthand": {
			"rotation": [0, 90, 0],
			"translation": [0, -7, 3]
		},
		"thirdperson_lefthand": {
			"rotation": [0, 90, 0],
			"translation": [0, -7, 3]
		},
		"firstperson_righthand": {
			"rotation": [0, 180, 5],
			"translation": [3, -14, 2],
			"scale": [1.25, 1.25, 1.25]
		},
		"firstperson_lefthand": {
			"rotation": [0, 180, 5],
			"translation": [3, -14, 2],
			"scale": [1.25, 1.25, 1.25]
		},
		"ground": {
			"translation": [0, 1.5, 0],
			"scale": [0.5, 0.5, 0.5]
		},
		"gui": {
			"translation": [0, -4, 0]
		},
		"head": {
			"rotation": [-90, 0, 0],
			"translation": [0, 3.5, 4]
		},
		"fixed": {
			"rotation": [0, 180, 0],
			"translation": [0, -3.75, 3.75]
		}
	}
}