{
	"credit": "Made with Blockbench",
	"texture_size": [32, 32],
	"textures": {
		"1": "item/nbt/divine_wards/copper_shield"
	},
	"elements": [
		{
			"name": "oben",
			"from": [3, 18, 11],
			"to": [12, 19, 12],
			"faces": {
				"north": {"uv": [15, 8, 10.5, 8.5], "texture": "#1"},
				"east": {"uv": [5.5, 8, 5, 8.5], "texture": "#1"},
				"south": {"uv": [1, 8, 5.5, 8.5], "texture": "#1"},
				"west": {"uv": [1, 8, 1.5, 8.5], "texture": "#1"},
				"up": {"uv": [1, 8, 5.5, 8.5], "texture": "#1"}
			}
		},
		{
			"name": "oben",
			"from": [2, 17, 11],
			"to": [13, 18, 12],
			"faces": {
				"north": {"uv": [15.5, 8.5, 10, 9], "texture": "#1"},
				"east": {"uv": [6, 8.5, 5.5, 9], "texture": "#1"},
				"south": {"uv": [0.5, 8.5, 6, 9], "texture": "#1"},
				"west": {"uv": [0.5, 8.5, 1, 9], "texture": "#1"},
				"up": {"uv": [0.5, 8.5, 6, 9], "texture": "#1"}
			}
		},
		{
			"name": "mitte",
			"from": [1, 10, 11],
			"to": [14, 17, 12],
			"faces": {
				"north": {"uv": [16, 9, 9.5, 12.5], "texture": "#1"},
				"east": {"uv": [6.5, 9, 6, 12.5], "texture": "#1"},
				"south": {"uv": [0, 9, 6.5, 12.5], "texture": "#1"},
				"west": {"uv": [0, 9, 0.5, 12.5], "texture": "#1"},
				"up": {"uv": [0, 9, 6.5, 9.5], "texture": "#1"},
				"down": {"uv": [0, 12, 6.5, 12.5], "texture": "#1"}
			}
		},
		{
			"name": "mitte",
			"from": [2, 8, 11],
			"to": [13, 10, 12],
			"faces": {
				"north": {"uv": [15.5, 12.5, 10, 13.5], "texture": "#1"},
				"east": {"uv": [6, 12.5, 5.5, 13.5], "texture": "#1"},
				"south": {"uv": [0.5, 12.5, 6, 13.5], "texture": "#1"},
				"west": {"uv": [0.5, 12.5, 1, 13.5], "texture": "#1"},
				"down": {"uv": [0.5, 13, 6, 13.5], "texture": "#1"}
			}
		},
		{
			"name": "mitte",
			"from": [3, 7, 11],
			"to": [12, 8, 12],
			"faces": {
				"north": {"uv": [15, 13.5, 10.5, 14], "texture": "#1"},
				"east": {"uv": [5.5, 13.5, 5, 14], "texture": "#1"},
				"south": {"uv": [1, 13.5, 5.5, 14], "texture": "#1"},
				"west": {"uv": [1, 13.5, 1.5, 14], "texture": "#1"},
				"down": {"uv": [1, 13.5, 5.5, 14], "texture": "#1"}
			}
		},
		{
			"name": "mitte",
			"from": [4, 6, 11],
			"to": [11, 7, 12],
			"faces": {
				"north": {"uv": [14.5, 14, 11, 14.5], "texture": "#1"},
				"east": {"uv": [5, 14, 4.5, 14.5], "texture": "#1"},
				"south": {"uv": [1.5, 14, 5, 14.5], "texture": "#1"},
				"west": {"uv": [1.5, 14, 2, 14.5], "texture": "#1"},
				"down": {"uv": [1.5, 14, 5, 14.5], "texture": "#1"}
			}
		},
		{
			"name": "mitte",
			"from": [5, 5, 11],
			"to": [10, 6, 12],
			"faces": {
				"north": {"uv": [14, 14.5, 11.5, 15], "texture": "#1"},
				"east": {"uv": [4.5, 14.5, 4, 15], "texture": "#1"},
				"south": {"uv": [2, 14.5, 4.5, 15], "texture": "#1"},
				"west": {"uv": [2, 14.5, 2.5, 15], "texture": "#1"},
				"down": {"uv": [2, 14.5, 4.5, 15], "texture": "#1"}
			}
		},
		{
			"name": "mitte",
			"from": [6, 4, 11],
			"to": [9, 5, 12],
			"faces": {
				"north": {"uv": [13.5, 15, 12, 15.5], "texture": "#1"},
				"east": {"uv": [4, 15, 3.5, 15.5], "texture": "#1"},
				"south": {"uv": [2.5, 15, 4, 15.5], "texture": "#1"},
				"west": {"uv": [2.5, 15, 3, 15.5], "texture": "#1"},
				"down": {"uv": [2.5, 15, 4, 15.5], "texture": "#1"}
			}
		}
	],
	"display": {
		"thirdperson_righthand": {
			"rotation": [0, 90, 0],
			"translation": [0, -7, 3]
		},
		"thirdperson_lefthand": {
			"rotation": [0, 90, 0],
			"translation": [0, -7, 3]
		},
		"firstperson_righthand": {
			"rotation": [0, 180, 5],
			"translation": [3, -14, 2],
			"scale": [1.25, 1.25, 1.25]
		},
		"firstperson_lefthand": {
			"rotation": [0, 180, 5],
			"translation": [3, -14, 2],
			"scale": [1.25, 1.25, 1.25]
		},
		"ground": {
			"translation": [0, 1.5, 0],
			"scale": [0.5, 0.5, 0.5]
		},
		"gui": {
			"translation": [0.5, -3.5, 0]
		},
		"head": {
			"rotation": [-90, 0, 0],
			"translation": [0, 3.5, 4]
		},
		"fixed": {
			"rotation": [0, 180, 0],
			"translation": [0, -3.75, 3.75]
		}
	}
}