{
	"credit": "Made with Blockbench",
	"texture_size": [32, 32],
	"textures": {
		"1": "item/nbt/divine_wards/diamond_shield"
	},
	"elements": [
		{
			"name": "oben",
			"from": [3, 18, 11],
			"to": [12, 19, 12],
			"faces": {
				"north": {"uv": [15, 0, 10.5, 0.5], "texture": "#1"},
				"east": {"uv": [5.5, 0, 5, 0.5], "texture": "#1"},
				"south": {"uv": [1, 0, 5.5, 0.5], "texture": "#1"},
				"west": {"uv": [1, 0, 1.5, 0.5], "texture": "#1"},
				"up": {"uv": [1, 0, 5.5, 0.5], "texture": "#1"}
			}
		},
		{
			"name": "oben",
			"from": [2, 17, 11],
			"to": [13, 18, 12],
			"faces": {
				"north": {"uv": [15.5, 0.5, 10, 1], "texture": "#1"},
				"east": {"uv": [6, 0.5, 5.5, 1], "texture": "#1"},
				"south": {"uv": [0.5, 0.5, 6, 1], "texture": "#1"},
				"west": {"uv": [0.5, 0.5, 1, 1], "texture": "#1"},
				"up": {"uv": [0.5, 0.5, 6, 1], "texture": "#1"}
			}
		},
		{
			"name": "mitte",
			"from": [1, 9, 11],
			"to": [14, 17, 12],
			"faces": {
				"north": {"uv": [16, 1, 9.5, 5], "texture": "#1"},
				"east": {"uv": [6.5, 1, 6, 5], "texture": "#1"},
				"south": {"uv": [0, 1, 6.5, 5], "texture": "#1"},
				"west": {"uv": [0, 1, 0.5, 5], "texture": "#1"},
				"up": {"uv": [0, 1, 6.5, 1.5], "texture": "#1"},
				"down": {"uv": [0, 4.5, 6.5, 5], "texture": "#1"}
			}
		},
		{
			"name": "mitte",
			"from": [2, 7, 11],
			"to": [13, 9, 12],
			"faces": {
				"north": {"uv": [15.5, 5, 10, 6], "texture": "#1"},
				"east": {"uv": [6, 5, 5.5, 6], "texture": "#1"},
				"south": {"uv": [0.5, 5, 6, 6], "texture": "#1"},
				"west": {"uv": [0.5, 5, 1, 6], "texture": "#1"},
				"down": {"uv": [0.5, 5.5, 6, 6], "texture": "#1"}
			}
		},
		{
			"name": "mitte",
			"from": [3, 6, 11],
			"to": [12, 7, 12],
			"faces": {
				"north": {"uv": [15, 6, 10.5, 6.5], "texture": "#1"},
				"east": {"uv": [5.5, 6, 5, 6.5], "texture": "#1"},
				"south": {"uv": [1, 6, 5.5, 6.5], "texture": "#1"},
				"west": {"uv": [1, 6, 1.5, 6.5], "texture": "#1"},
				"down": {"uv": [1, 6, 5.5, 6.5], "texture": "#1"}
			}
		},
		{
			"name": "mitte",
			"from": [4, 5, 11],
			"to": [11, 6, 12],
			"faces": {
				"north": {"uv": [14.5, 6.5, 11, 7], "texture": "#1"},
				"east": {"uv": [5, 6.5, 4.5, 7], "texture": "#1"},
				"south": {"uv": [1.5, 6.5, 5, 7], "texture": "#1"},
				"west": {"uv": [1.5, 6.5, 2, 7], "texture": "#1"},
				"down": {"uv": [1.5, 6.5, 5, 7], "texture": "#1"}
			}
		},
		{
			"name": "mitte",
			"from": [5, 4, 11],
			"to": [10, 5, 12],
			"faces": {
				"north": {"uv": [14, 7, 11.5, 7.5], "texture": "#1"},
				"east": {"uv": [4.5, 7, 4, 7.5], "texture": "#1"},
				"south": {"uv": [2, 7, 4.5, 7.5], "texture": "#1"},
				"west": {"uv": [2, 7, 2.5, 7.5], "texture": "#1"},
				"down": {"uv": [2, 7, 4.5, 7.5], "texture": "#1"}
			}
		},
		{
			"name": "mitte",
			"from": [6, 3, 11],
			"to": [9, 4, 12],
			"faces": {
				"north": {"uv": [13.5, 7.5, 12, 8], "texture": "#1"},
				"east": {"uv": [4, 7.5, 3.5, 8], "texture": "#1"},
				"south": {"uv": [2.5, 7.5, 4, 8], "texture": "#1"},
				"west": {"uv": [2.5, 7.5, 3, 8], "texture": "#1"},
				"down": {"uv": [2.5, 7.5, 4, 8], "texture": "#1"}
			}
		}
	],
	"display": {
		"thirdperson_righthand": {
			"rotation": [0, 90, 0],
			"translation": [0, -7, 3]
		},
		"thirdperson_lefthand": {
			"rotation": [0, 90, 0],
			"translation": [0, -7, 3]
		},
		"firstperson_righthand": {
			"rotation": [0, 180, 5],
			"translation": [3, -14, 2],
			"scale": [1.25, 1.25, 1.25]
		},
		"firstperson_lefthand": {
			"rotation": [0, 180, 5],
			"translation": [3, -14, 2],
			"scale": [1.25, 1.25, 1.25]
		},
		"ground": {
			"translation": [0, 1.5, 0],
			"scale": [0.5, 0.5, 0.5]
		},
		"gui": {
			"translation": [0.5, -3.5, 0]
		},
		"head": {
			"rotation": [-90, 0, 0],
			"translation": [0, 3.5, 4]
		},
		"fixed": {
			"rotation": [0, 180, 0],
			"translation": [0, -3.75, 3.75]
		}
	}
}