{
	"credit": "Made with Blockbench",
	"textures": {
		"0": "item/nbt/divine_wards/onion_shield",
		"particle": "item/nbt/divine_wards/onion_shield"
	},
	"elements": [
		{
			"name": "oben4",
			"from": [6, 18, 11],
			"to": [10, 19, 12],
			"faces": {
				"north": {"uv": [5, 0, 9, 1], "texture": "#0"},
				"east": {"uv": [8, 0, 9, 1], "texture": "#0"},
				"south": {"uv": [5, 0, 9, 1], "texture": "#0"},
				"west": {"uv": [5, 0, 6, 1], "texture": "#0"},
				"up": {"uv": [5, 0, 9, 1], "texture": "#0"}
			}
		},
		{
			"name": "oben3",
			"from": [4, 17, 11],
			"to": [12, 18, 12],
			"faces": {
				"north": {"uv": [3, 1, 11, 2], "texture": "#0"},
				"east": {"uv": [10, 1, 11, 2], "texture": "#0"},
				"south": {"uv": [3, 1, 11, 2], "texture": "#0"},
				"west": {"uv": [3, 1, 4, 2], "texture": "#0"},
				"up": {"uv": [3, 1, 11, 2], "texture": "#0"}
			}
		},
		{
			"name": "oben2",
			"from": [3, 16, 11],
			"to": [13, 17, 12],
			"faces": {
				"north": {"uv": [2, 2, 12, 3], "texture": "#0"},
				"east": {"uv": [11, 2, 12, 3], "texture": "#0"},
				"south": {"uv": [12, 2, 2, 3], "texture": "#0"},
				"west": {"uv": [2, 2, 3, 3], "texture": "#0"},
				"up": {"uv": [2, 2, 12, 3], "texture": "#0"}
			}
		},
		{
			"name": "oben1",
			"from": [2, 14, 11],
			"to": [14, 16, 12],
			"faces": {
				"north": {"uv": [1, 3, 13, 5], "texture": "#0"},
				"east": {"uv": [12, 3, 13, 5], "texture": "#0"},
				"south": {"uv": [1, 3, 13, 5], "texture": "#0"},
				"west": {"uv": [1, 3, 2, 5], "texture": "#0"},
				"up": {"uv": [1, 3, 13, 4], "texture": "#0"}
			}
		},
		{
			"name": "mitte",
			"from": [1, 10, 11],
			"to": [15, 14, 12],
			"faces": {
				"north": {"uv": [0, 5, 14, 9], "texture": "#0"},
				"east": {"uv": [13, 5, 14, 9], "texture": "#0"},
				"south": {"uv": [0, 5, 14, 9], "texture": "#0"},
				"west": {"uv": [0, 5, 1, 9], "texture": "#0"},
				"up": {"uv": [0, 5, 14, 6], "texture": "#0"},
				"down": {"uv": [0, 8, 14, 9], "texture": "#0"}
			}
		},
		{
			"name": "unten1",
			"from": [2, 8, 11],
			"to": [14, 10, 12],
			"faces": {
				"north": {"uv": [1, 9, 13, 11], "texture": "#0"},
				"east": {"uv": [12, 9, 13, 11], "texture": "#0"},
				"south": {"uv": [1, 9, 13, 11], "texture": "#0"},
				"west": {"uv": [1, 9, 2, 11], "texture": "#0"},
				"down": {"uv": [1, 10, 13, 11], "texture": "#0"}
			}
		},
		{
			"name": "unten2",
			"from": [3, 7, 11],
			"to": [13, 8, 12],
			"faces": {
				"north": {"uv": [2, 11, 12, 12], "texture": "#0"},
				"east": {"uv": [11, 11, 12, 12], "texture": "#0"},
				"south": {"uv": [2, 11, 12, 12], "texture": "#0"},
				"west": {"uv": [2, 11, 3, 12], "texture": "#0"},
				"down": {"uv": [2, 11, 12, 12], "texture": "#0"}
			}
		},
		{
			"name": "unten3",
			"from": [4, 6, 11],
			"to": [12, 7, 12],
			"faces": {
				"north": {"uv": [3, 12, 11, 13], "texture": "#0"},
				"east": {"uv": [10, 12, 11, 13], "texture": "#0"},
				"south": {"uv": [3, 12, 11, 13], "texture": "#0"},
				"west": {"uv": [3, 12, 4, 13], "texture": "#0"},
				"down": {"uv": [3, 12, 11, 13], "texture": "#0"}
			}
		},
		{
			"name": "unten4",
			"from": [6, 5, 11],
			"to": [10, 6, 12],
			"faces": {
				"north": {"uv": [5, 13, 9, 14], "texture": "#0"},
				"east": {"uv": [8, 13, 9, 14], "texture": "#0"},
				"south": {"uv": [5, 13, 9, 14], "texture": "#0"},
				"west": {"uv": [5, 13, 6, 14], "texture": "#0"},
				"down": {"uv": [5, 13, 9, 14], "texture": "#0"}
			}
		}
	],
	"display": {
		"thirdperson_righthand": {
			"rotation": [0, 90, 0],
			"translation": [0, -5, 3]
		},
		"thirdperson_lefthand": {
			"rotation": [0, 90, 0],
			"translation": [0, -5, 3]
		},
		"firstperson_righthand": {
			"rotation": [0, 180, 5],
			"translation": [-1, -14, 2],
			"scale": [1.25, 1.25, 1.25]
		},
		"firstperson_lefthand": {
			"rotation": [0, 180, 5],
			"translation": [-1, -14, 2],
			"scale": [1.25, 1.25, 1.25]
		},
		"ground": {
			"translation": [0, 1.5, 0],
			"scale": [0.5, 0.5, 0.5]
		},
		"gui": {
			"translation": [0, -4, 0]
		},
		"head": {
			"rotation": [-90, 0, 0],
			"translation": [0, 3.5, 4]
		},
		"fixed": {
			"translation": [0, -3.75, -3]
		}
	}
}