{
	"credit": "Made with Blockbench",
	"texture_size": [32, 32],
	"textures": {
		"0": "item/nbt/divine_wards/wooden_shield",
		"particle": "item/nbt/divine_wards/wooden_shield"
	},
	"elements": [
		{
			"name": "oben4",
			"from": [6, 18, 11],
			"to": [10, 19, 12],
			"faces": {
				"north": {"uv": [11.5, 8, 13.5, 8.5], "texture": "#0"},
				"east": {"uv": [4, 8, 4.5, 8.5], "texture": "#0"},
				"south": {"uv": [2.5, 8, 4.5, 8.5], "texture": "#0"},
				"west": {"uv": [2.5, 8, 3, 8.5], "texture": "#0"},
				"up": {"uv": [2.5, 8, 4.5, 8.5], "texture": "#0"}
			}
		},
		{
			"name": "oben3",
			"from": [4, 17, 11],
			"to": [12, 18, 12],
			"faces": {
				"north": {"uv": [10.5, 8.5, 14.5, 9], "texture": "#0"},
				"east": {"uv": [5, 8.5, 5.5, 9], "texture": "#0"},
				"south": {"uv": [1.5, 8.5, 5.5, 9], "texture": "#0"},
				"west": {"uv": [1.5, 8.5, 2, 9], "texture": "#0"},
				"up": {"uv": [1.5, 8.5, 5.5, 9], "texture": "#0"}
			}
		},
		{
			"name": "oben2",
			"from": [3, 16, 11],
			"to": [13, 17, 12],
			"faces": {
				"north": {"uv": [10, 9, 15, 9.5], "texture": "#0"},
				"east": {"uv": [5.5, 9, 6, 9.5], "texture": "#0"},
				"south": {"uv": [1, 9, 6, 9.5], "texture": "#0"},
				"west": {"uv": [1, 9, 1.5, 9.5], "texture": "#0"},
				"up": {"uv": [1, 9, 6, 9.5], "texture": "#0"}
			}
		},
		{
			"name": "oben1",
			"from": [2, 14, 11],
			"to": [14, 16, 12],
			"faces": {
				"north": {"uv": [9.5, 9.5, 15.5, 10.5], "texture": "#0"},
				"east": {"uv": [6, 9.5, 6.5, 10.5], "texture": "#0"},
				"south": {"uv": [0.5, 9.5, 6.5, 10.5], "texture": "#0"},
				"west": {"uv": [0.5, 9.5, 1, 10.5], "texture": "#0"},
				"up": {"uv": [0.5, 9.5, 6.5, 10], "texture": "#0"}
			}
		},
		{
			"name": "mitte",
			"from": [1, 10, 11],
			"to": [15, 14, 12],
			"faces": {
				"north": {"uv": [9, 10.5, 16, 12.5], "texture": "#0"},
				"east": {"uv": [6.5, 10.5, 7, 12.5], "texture": "#0"},
				"south": {"uv": [0, 10.5, 7, 12.5], "texture": "#0"},
				"west": {"uv": [0, 10.5, 0.5, 12.5], "texture": "#0"},
				"up": {"uv": [0, 10.5, 7, 11], "texture": "#0"},
				"down": {"uv": [0, 12, 7, 12.5], "texture": "#0"}
			}
		},
		{
			"name": "unten1",
			"from": [2, 8, 11],
			"to": [14, 10, 12],
			"faces": {
				"north": {"uv": [9.5, 12.5, 15.5, 13.5], "texture": "#0"},
				"east": {"uv": [6, 12.5, 6.5, 13.5], "texture": "#0"},
				"south": {"uv": [0.5, 12.5, 6.5, 13.5], "texture": "#0"},
				"west": {"uv": [0.5, 12.5, 1, 13.5], "texture": "#0"},
				"down": {"uv": [0.5, 13, 6.5, 13.5], "texture": "#0"}
			}
		},
		{
			"name": "unten2",
			"from": [3, 7, 11],
			"to": [13, 8, 12],
			"faces": {
				"north": {"uv": [10, 13.5, 15, 14], "texture": "#0"},
				"east": {"uv": [5.5, 13.5, 6, 14], "texture": "#0"},
				"south": {"uv": [1, 13.5, 6, 14], "texture": "#0"},
				"west": {"uv": [1, 13.5, 1.5, 14], "texture": "#0"},
				"down": {"uv": [1, 13.5, 6, 14], "texture": "#0"}
			}
		},
		{
			"name": "unten3",
			"from": [4, 6, 11],
			"to": [12, 7, 12],
			"faces": {
				"north": {"uv": [10.5, 14, 14.5, 14.5], "texture": "#0"},
				"east": {"uv": [5, 14, 5.5, 14.5], "texture": "#0"},
				"south": {"uv": [1.5, 14, 5.5, 14.5], "texture": "#0"},
				"west": {"uv": [1.5, 14, 2, 14.5], "texture": "#0"},
				"down": {"uv": [1.5, 14, 5.5, 14.5], "texture": "#0"}
			}
		},
		{
			"name": "unten4",
			"from": [6, 5, 11],
			"to": [10, 6, 12],
			"faces": {
				"north": {"uv": [11.5, 14.5, 13.5, 15], "texture": "#0"},
				"east": {"uv": [4, 14.5, 4.5, 15], "texture": "#0"},
				"south": {"uv": [2.5, 14.5, 4.5, 15], "texture": "#0"},
				"west": {"uv": [2.5, 14.5, 3, 15], "texture": "#0"},
				"down": {"uv": [2.5, 14.5, 4.5, 15], "texture": "#0"}
			}
		}
	],
	"display": {
		"thirdperson_righthand": {
			"rotation": [0, 90, 0],
			"translation": [0, -5, 3]
		},
		"thirdperson_lefthand": {
			"rotation": [0, 90, 0],
			"translation": [0, -5, 3]
		},
		"firstperson_righthand": {
			"rotation": [0, 180, 5],
			"translation": [-1, -14, 2],
			"scale": [1.25, 1.25, 1.25]
		},
		"firstperson_lefthand": {
			"rotation": [0, 180, 5],
			"translation": [-1, -14, 2],
			"scale": [1.25, 1.25, 1.25]
		},
		"ground": {
			"translation": [0, 1.5, 0],
			"scale": [0.5, 0.5, 0.5]
		},
		"gui": {
			"translation": [0, -4, 0]
		},
		"head": {
			"rotation": [-90, 0, 0],
			"translation": [0, 3.5, 4]
		},
		"fixed": {
			"rotation": [0, 180, 0],
			"translation": [0, -3.75, 3.75]
		}
	}
}