{
	"credit": "Made with Blockbench",
	"texture_size": [32, 32],
	"textures": {
		"0": "item/nbt/divine_wards/wooden_shield",
		"particle": "item/nbt/divine_wards/wooden_shield"
	},
	"elements": [
		{
			"name": "oben4",
			"from": [6, 18, 11],
			"to": [10, 19, 12],
			"faces": {
				"north": {"uv": [11.5, 0, 13.5, 0.5], "texture": "#0"},
				"east": {"uv": [4, 0, 4.5, 0.5], "texture": "#0"},
				"south": {"uv": [2.5, 0, 4.5, 0.5], "texture": "#0"},
				"west": {"uv": [2.5, 0, 3, 0.5], "texture": "#0"},
				"up": {"uv": [2.5, 0, 4.5, 0.5], "texture": "#0"}
			}
		},
		{
			"name": "oben3",
			"from": [4, 17, 11],
			"to": [12, 18, 12],
			"faces": {
				"north": {"uv": [10.5, 0.5, 14.5, 1], "texture": "#0"},
				"east": {"uv": [5, 0.5, 5.5, 1], "texture": "#0"},
				"south": {"uv": [1.5, 0.5, 5.5, 1], "texture": "#0"},
				"west": {"uv": [1.5, 0.5, 2, 1], "texture": "#0"},
				"up": {"uv": [1.5, 0.5, 5.5, 1], "texture": "#0"}
			}
		},
		{
			"name": "oben2",
			"from": [3, 16, 11],
			"to": [13, 17, 12],
			"faces": {
				"north": {"uv": [10, 1, 15, 1.5], "texture": "#0"},
				"east": {"uv": [5.5, 1, 6, 1.5], "texture": "#0"},
				"south": {"uv": [1, 1, 6, 1.5], "texture": "#0"},
				"west": {"uv": [1, 1, 1.5, 1.5], "texture": "#0"},
				"up": {"uv": [1, 1, 6, 1.5], "texture": "#0"}
			}
		},
		{
			"name": "oben1",
			"from": [2, 14, 11],
			"to": [14, 16, 12],
			"faces": {
				"north": {"uv": [9.5, 1.5, 15.5, 2.5], "texture": "#0"},
				"east": {"uv": [6, 1.5, 6.5, 2.5], "texture": "#0"},
				"south": {"uv": [0.5, 1.5, 6.5, 2.5], "texture": "#0"},
				"west": {"uv": [0.5, 1.5, 1, 2.5], "texture": "#0"},
				"up": {"uv": [0.5, 1.5, 6.5, 2], "texture": "#0"}
			}
		},
		{
			"name": "mitte",
			"from": [1, 10, 11],
			"to": [15, 14, 12],
			"faces": {
				"north": {"uv": [9, 2.5, 16, 4.5], "texture": "#0"},
				"east": {"uv": [6.5, 2.5, 7, 4.5], "texture": "#0"},
				"south": {"uv": [0, 2.5, 7, 4.5], "texture": "#0"},
				"west": {"uv": [0, 2.5, 0.5, 4.5], "texture": "#0"},
				"up": {"uv": [0, 2.5, 7, 3], "texture": "#0"},
				"down": {"uv": [0, 4, 7, 4.5], "texture": "#0"}
			}
		},
		{
			"name": "unten1",
			"from": [2, 8, 11],
			"to": [14, 10, 12],
			"faces": {
				"north": {"uv": [9.5, 4.5, 15.5, 5.5], "texture": "#0"},
				"east": {"uv": [6, 4.5, 6.5, 5.5], "texture": "#0"},
				"south": {"uv": [0.5, 4.5, 6.5, 5.5], "texture": "#0"},
				"west": {"uv": [0.5, 4.5, 1, 5.5], "texture": "#0"},
				"down": {"uv": [0.5, 5, 6.5, 5.5], "texture": "#0"}
			}
		},
		{
			"name": "unten2",
			"from": [3, 7, 11],
			"to": [13, 8, 12],
			"faces": {
				"north": {"uv": [10, 5.5, 15, 6], "texture": "#0"},
				"east": {"uv": [5.5, 5.5, 6, 6], "texture": "#0"},
				"south": {"uv": [1, 5.5, 6, 6], "texture": "#0"},
				"west": {"uv": [1, 5.5, 1.5, 6], "texture": "#0"},
				"down": {"uv": [1, 5.5, 6, 6], "texture": "#0"}
			}
		},
		{
			"name": "unten3",
			"from": [4, 6, 11],
			"to": [12, 7, 12],
			"faces": {
				"north": {"uv": [10.5, 6, 14.5, 6.5], "texture": "#0"},
				"east": {"uv": [5, 6, 5.5, 6.5], "texture": "#0"},
				"south": {"uv": [1.5, 6, 5.5, 6.5], "texture": "#0"},
				"west": {"uv": [1.5, 6, 2, 6.5], "texture": "#0"},
				"down": {"uv": [1.5, 6, 5.5, 6.5], "texture": "#0"}
			}
		},
		{
			"name": "unten4",
			"from": [6, 5, 11],
			"to": [10, 6, 12],
			"faces": {
				"north": {"uv": [11.5, 6.5, 13.5, 7], "texture": "#0"},
				"east": {"uv": [4, 6.5, 4.5, 7], "texture": "#0"},
				"south": {"uv": [2.5, 6.5, 4.5, 7], "texture": "#0"},
				"west": {"uv": [2.5, 6.5, 3, 7], "texture": "#0"},
				"down": {"uv": [2.5, 6.5, 4.5, 7], "texture": "#0"}
			}
		}
	],
	"display": {
		"thirdperson_righthand": {
			"rotation": [0, 90, 0],
			"translation": [0, -5, 3]
		},
		"thirdperson_lefthand": {
			"rotation": [0, 90, 0],
			"translation": [0, -5, 3]
		},
		"firstperson_righthand": {
			"rotation": [0, 180, 5],
			"translation": [-1, -14, 2],
			"scale": [1.25, 1.25, 1.25]
		},
		"firstperson_lefthand": {
			"rotation": [0, 180, 5],
			"translation": [-1, -14, 2],
			"scale": [1.25, 1.25, 1.25]
		},
		"ground": {
			"translation": [0, 1.5, 0],
			"scale": [0.5, 0.5, 0.5]
		},
		"gui": {
			"translation": [0, -4, 0]
		},
		"head": {
			"rotation": [-90, 0, 0],
			"translation": [0, 3.5, 4]
		},
		"fixed": {
			"translation": [0, -3.75, -3]
		}
	}
}