{
	"credit": "Made with Blockbench",
	"texture_size": [32, 32],
	"textures": {
		"1": "item/nbt/pristine_core",
		"particle": "item/nbt/pristine_core"
	},
	"elements": [
		{
			"from": [15, 0, 3],
			"to": [16, 16, 13],
			"rotation": {"angle": 0, "axis": "y", "origin": [8, 8, 8]},
			"faces": {
				"north": {"uv": [6, 8, 6.5, 16], "texture": "#1"},
				"east": {"uv": [1.5, 8, 6.5, 16], "texture": "#1"},
				"south": {"uv": [1.5, 8, 2, 16], "texture": "#1"},
				"up": {"uv": [1.5, 7.5, 6.5, 8], "rotation": 270, "texture": "#1"},
				"down": {"uv": [1.5, 15.5, 6.5, 16], "rotation": 90, "texture": "#1"}
			}
		},
		{
			"from": [3, 0, 0],
			"to": [13, 16, 1],
			"rotation": {"angle": 0, "axis": "y", "origin": [8, 8, 8]},
			"faces": {
				"north": {"uv": [1.5, 8, 6.5, 16], "texture": "#1"},
				"east": {"uv": [1.5, 8, 2, 16], "texture": "#1"},
				"west": {"uv": [6, 8, 6.5, 16], "texture": "#1"},
				"up": {"uv": [1.5, 7.5, 6.5, 8], "rotation": 180, "texture": "#1"},
				"down": {"uv": [1.5, 15.5, 6.5, 16], "rotation": 180, "texture": "#1"}
			}
		},
		{
			"from": [0, 0, 3],
			"to": [1, 16, 13],
			"rotation": {"angle": 0, "axis": "y", "origin": [8, 8, 8]},
			"faces": {
				"north": {"uv": [1.5, 8, 2, 16], "texture": "#1"},
				"south": {"uv": [6, 8, 6.5, 16], "texture": "#1"},
				"west": {"uv": [1.5, 8, 6.5, 16], "texture": "#1"},
				"up": {"uv": [1.5, 7.5, 6.5, 8], "rotation": 90, "texture": "#1"},
				"down": {"uv": [1.5, 15.5, 6.5, 16], "rotation": 270, "texture": "#1"}
			}
		},
		{
			"from": [3, 0, 15],
			"to": [13, 16, 16],
			"rotation": {"angle": 0, "axis": "y", "origin": [8, 8, 8]},
			"faces": {
				"east": {"uv": [6, 8, 6.5, 16], "texture": "#1"},
				"south": {"uv": [1.5, 8, 6.5, 16], "texture": "#1"},
				"west": {"uv": [1.5, 8, 2, 16], "texture": "#1"},
				"up": {"uv": [1.5, 7.5, 6.5, 8], "texture": "#1"},
				"down": {"uv": [1.5, 15.5, 6.5, 16], "texture": "#1"}
			}
		},
		{
			"name": "center",
			"from": [1, 0, 1],
			"to": [15, 16, 15],
			"faces": {
				"north": {"uv": [0.5, 8, 7.5, 16], "texture": "#1"},
				"east": {"uv": [0.5, 8, 7.5, 16], "texture": "#1"},
				"south": {"uv": [0.5, 8, 7.5, 16], "texture": "#1"},
				"west": {"uv": [0.5, 8, 7.5, 16], "texture": "#1"},
				"up": {"uv": [8.5, 0.5, 15.5, 7.5], "texture": "#1"},
				"down": {"uv": [0.5, 0.5, 7.5, 7.5], "texture": "#1"}
			}
		}
	],
	"display": {
		"thirdperson_righthand": {
			"rotation": [0, 45, 0],
			"translation": [0, 2, 1.25],
			"scale": [0.25, 0.25, 0.25]
		},
		"thirdperson_lefthand": {
			"rotation": [0, 45, 0],
			"translation": [0, 2, 1.25],
			"scale": [0.25, 0.25, 0.25]
		},
		"firstperson_righthand": {
			"rotation": [-15, 45, 0],
			"translation": [0, -1.75, 2],
			"scale": [0.5, 0.5, 0.5]
		},
		"firstperson_lefthand": {
			"rotation": [-15, 45, 0],
			"translation": [0, -1.75, 2],
			"scale": [0.5, 0.5, 0.5]
		},
		"ground": {
			"translation": [0, 4, 0],
			"scale": [0.25, 0.25, 0.25]
		},
		"gui": {
			"rotation": [45, 45, 0],
			"scale": [0.6, 0.6, 0.6]
		},
		"fixed": {
			"rotation": [90, 0, 0],
			"scale": [0.5, 0.5, 0.5]
		}
	}
}