{
	"credit": "Made with Blockbench",
	"texture_size": [32, 32],
	"textures": {
		"0": "item/nbt/tome_regeneration",
		"particle": "item/nbt/tome_regeneration"
	},
	"elements": [
		{
			"from": [0, 0, 0.001],
			"to": [6, 1, 9.001],
			"rotation": {"angle": -22.5, "axis": "z", "origin": [6, 0, 6]},
			"faces": {
				"north": {"uv": [7.5, 0, 10.5, 0.5], "texture": "#0"},
				"south": {"uv": [10.5, 0, 13.5, 0.5], "texture": "#0"},
				"west": {"uv": [7, 0.5, 7.5, 5], "rotation": 90, "texture": "#0"},
				"up": {"uv": [0.5, 0.5, 3.5, 5], "texture": "#0"},
				"down": {"uv": [11, 0.5, 14, 5], "texture": "#0"}
			}
		},
		{
			"from": [6, 0, 0],
			"to": [12, 1, 9],
			"rotation": {"angle": 22.5, "axis": "z", "origin": [6, 0, 5]},
			"faces": {
				"north": {"uv": [0.5, 0, 3.5, 0.5], "texture": "#0"},
				"east": {"uv": [3.5, 0.5, 4, 5], "rotation": 90, "texture": "#0"},
				"south": {"uv": [3.5, 0, 6.5, 0.5], "texture": "#0"},
				"up": {"uv": [0.5, 0.5, 3.5, 5], "texture": "#0"},
				"down": {"uv": [3, 15.5, 0, 11], "texture": "#0"}
			}
		},
		{
			"from": [5, -0.5, 0],
			"to": [7, 0.5, 9],
			"rotation": {"angle": 0, "axis": "y", "origin": [-1, 0, 0]},
			"faces": {
				"north": {"uv": [0.5, 5, 1.5, 5.5], "texture": "#0"},
				"east": {"uv": [1.5, 5.5, 2, 10], "rotation": 270, "texture": "#0"},
				"south": {"uv": [1.5, 5, 2.5, 5.5], "texture": "#0"},
				"west": {"uv": [0, 5.5, 0.5, 10], "rotation": 90, "texture": "#0"},
				"down": {"uv": [2, 5.5, 3, 10], "texture": "#0"}
			}
		},
		{
			"from": [1.5, 3.5, 0],
			"to": [10.5, 3.5, 9],
			"rotation": {"angle": 45, "axis": "y", "origin": [6, 3, 4.5]},
			"faces": {
				"up": {"uv": [3, 5.5, 7.5, 10], "texture": "#0"},
				"down": {"uv": [3, 5.5, 7.5, 10], "texture": "#0"}
			}
		}
	],
	"display": {
		"thirdperson_righthand": {
			"rotation": [0, -18, -5.5],
			"translation": [1, 7.25, 5.5]
		},
		"thirdperson_lefthand": {
			"rotation": [0, -18, -5.5],
			"translation": [-1, 7.25, 5.5]
		},
		"firstperson_righthand": {
			"rotation": [30, 0, 0],
			"translation": [0, 4.5, 0]
		},
		"firstperson_lefthand": {
			"rotation": [30, 0, 0],
			"translation": [0, 4.5, 0]
		},
		"ground": {
			"translation": [2.25, 5, 3.5]
		},
		"gui": {
			"rotation": [54, -11, 14.5],
			"translation": [-0.2, 1.5, 0],
			"scale": [1.25, 1.25, 1.25]
		},
		"head": {
			"rotation": [0, 0, -180],
			"translation": [-2, 1.25, 3.5]
		},
		"fixed": {
			"rotation": [-90, -180, 0],
			"translation": [-2, -3.5, -7.5]
		}
	}
}