{
	"credit": "Made with Blockbench",
	"ambientocclusion": false,
	"textures": {
		"1": "item/nbt/backpack",
		"particle": "item/nbt/backpack"
	},
	"elements": [
		{
			"name": "main_backpack",
			"from": [5, 0, 2],
			"to": [12, 14, 14],
			"faces": {
				"north": {"uv": [6.5, 0, 10, 7], "texture": "#1"},
				"east": {"uv": [10, 0, 16, 7], "texture": "#1"},
				"south": {"uv": [10, 0, 6.5, 7], "texture": "#1"},
				"west": {"uv": [0.5, 0, 6.5, 7], "texture": "#1"},
				"up": {"uv": [4, 7, 10, 10.5], "rotation": 90, "texture": "#1"},
				"down": {"uv": [10, 7, 16, 10.5], "rotation": 90, "texture": "#1"}
			}
		},
		{
			"name": "deckel_gurt",
			"from": [4.75, 10.25, 4.25],
			"to": [11.75, 14.25, 5.75],
			"faces": {
				"north": {"uv": [1, 14, 4.5, 16], "texture": "#1"},
				"east": {"uv": [1.5, 14, 2.5, 16], "texture": "#1"},
				"south": {"uv": [4.5, 14, 1, 16], "texture": "#1"},
				"west": {"uv": [0, 14, 1, 16], "texture": "#1"},
				"up": {"uv": [0, 10.5, 1, 14], "rotation": 90, "texture": "#1"}
			}
		},
		{
			"name": "deckel_gurt",
			"from": [4.75, 10.25, 10.25],
			"to": [11.75, 14.25, 11.75],
			"faces": {
				"north": {"uv": [1, 14, 4.5, 16], "texture": "#1"},
				"east": {"uv": [2.5, 14, 1.5, 16], "texture": "#1"},
				"south": {"uv": [4.5, 14, 1, 16], "texture": "#1"},
				"west": {"uv": [1, 14, 0, 16], "texture": "#1"},
				"up": {"uv": [1, 10.5, 0, 14], "rotation": 90, "texture": "#1"}
			}
		},
		{
			"name": "griff",
			"from": [8, 14, 6],
			"to": [9, 15, 10],
			"faces": {
				"north": {"uv": [6.5, 14, 7, 14.5], "texture": "#1"},
				"east": {"uv": [9.5, 13.5, 7, 14], "texture": "#1"},
				"south": {"uv": [9.5, 14, 10, 14.5], "texture": "#1"},
				"west": {"uv": [7, 14.5, 9.5, 15], "texture": "#1"},
				"up": {"uv": [7, 14, 9.5, 14.5], "rotation": 90, "texture": "#1"}
			}
		},
		{
			"name": "Schnalle",
			"from": [4.5, 8.75, 4.5],
			"to": [5, 10.25, 5.5],
			"faces": {
				"north": {"uv": [0, 7.5, 0.25, 9], "texture": "#1"},
				"south": {"uv": [0.5, 7.5, 0.75, 9], "texture": "#1"},
				"west": {"uv": [0, 7.5, 1, 9], "texture": "#1"},
				"up": {"uv": [0, 7.5, 1, 7.75], "rotation": 90, "texture": "#1"},
				"down": {"uv": [0, 8.5, 1, 8.75], "rotation": 270, "texture": "#1"}
			}
		},
		{
			"name": "Schnalle",
			"from": [4.5, 8.75, 10.5],
			"to": [5, 10.25, 11.5],
			"faces": {
				"north": {"uv": [0, 7.5, 0.25, 9], "texture": "#1"},
				"south": {"uv": [0.5, 7.5, 0.75, 9], "texture": "#1"},
				"west": {"uv": [0, 7.5, 1, 9], "texture": "#1"},
				"up": {"uv": [0, 7.5, 1, 7.75], "rotation": 90, "texture": "#1"},
				"down": {"uv": [0, 8.5, 1, 8.75], "rotation": 270, "texture": "#1"}
			}
		},
		{
			"name": "Schnalle",
			"from": [7.875, 10.75, 1.25],
			"to": [8.875, 12.25, 1.5],
			"rotation": {"angle": 0, "axis": "y", "origin": [8.4375, 8, 8]},
			"faces": {
				"north": {"uv": [0, 7.5, 1, 9], "texture": "#1"},
				"east": {"uv": [0, 7.5, 0.25, 9], "texture": "#1"},
				"west": {"uv": [0.5, 7.5, 0.75, 9], "texture": "#1"},
				"up": {"uv": [0, 7.5, 1, 7.75], "rotation": 180, "texture": "#1"},
				"down": {"uv": [0, 8.5, 1, 8.75], "rotation": 180, "texture": "#1"}
			}
		},
		{
			"name": "tasche_oben",
			"from": [6, 9, 1.5],
			"to": [11, 13, 2],
			"rotation": {"angle": 0, "axis": "y", "origin": [8.4375, 8, 8]},
			"faces": {
				"north": {"uv": [12.5, 12, 15, 15], "texture": "#1"},
				"east": {"uv": [11.5, 12, 12.5, 15], "texture": "#1"},
				"west": {"uv": [15, 12, 16, 15], "texture": "#1"},
				"up": {"uv": [12.5, 12, 15, 11], "texture": "#1"},
				"down": {"uv": [12.5, 16, 15, 15], "texture": "#1"}
			}
		},
		{
			"name": "Schnalle",
			"from": [7.875, 4.25, 0.225],
			"to": [8.875, 5.75, 0.475],
			"rotation": {"angle": 0, "axis": "y", "origin": [8.4375, 8, 8]},
			"faces": {
				"north": {"uv": [0, 7.5, 1, 9], "texture": "#1"},
				"east": {"uv": [0, 7.5, 0.25, 9], "texture": "#1"},
				"west": {"uv": [0.5, 7.5, 0.75, 9], "texture": "#1"},
				"up": {"uv": [0, 7.5, 1, 7.75], "rotation": 180, "texture": "#1"},
				"down": {"uv": [0, 8.5, 1, 8.75], "rotation": 180, "texture": "#1"}
			}
		},
		{
			"name": "tasche_unten",
			"from": [6, 1, 0.5],
			"to": [11, 7, 2],
			"rotation": {"angle": 0, "axis": "y", "origin": [8.4375, 8, 8]},
			"faces": {
				"north": {"uv": [12.5, 12, 15, 15], "texture": "#1"},
				"east": {"uv": [11.5, 12, 12.5, 15], "texture": "#1"},
				"west": {"uv": [15, 12, 16, 15], "texture": "#1"},
				"up": {"uv": [12.5, 12, 15, 11], "texture": "#1"},
				"down": {"uv": [12.5, 16, 15, 15], "texture": "#1"}
			}
		},
		{
			"name": "Traeger",
			"from": [11.75, 1, 11],
			"to": [12.75, 12, 13],
			"faces": {
				"north": {"uv": [15, 1, 15.5, 6], "texture": "#1"},
				"east": {"uv": [14.5, 1, 15.5, 6], "texture": "#1"},
				"south": {"uv": [14.5, 1, 15, 6], "texture": "#1"},
				"up": {"uv": [15.5, 1, 14.5, 1.5], "rotation": 90, "texture": "#1"},
				"down": {"uv": [14.5, 5.5, 15.5, 6], "rotation": 90, "texture": "#1"}
			}
		},
		{
			"name": "Traeger",
			"from": [11.75, 1, 3],
			"to": [12.75, 12, 5],
			"faces": {
				"north": {"uv": [15, 1, 15.5, 6], "texture": "#1"},
				"east": {"uv": [14.5, 1, 15.5, 6], "texture": "#1"},
				"south": {"uv": [14.5, 1, 15, 6], "texture": "#1"},
				"up": {"uv": [15.5, 1, 14.5, 1.5], "rotation": 90, "texture": "#1"},
				"down": {"uv": [14.5, 5.5, 15.5, 6], "rotation": 90, "texture": "#1"}
			}
		},
		{
			"name": "Schnalle",
			"from": [8, 10.75, 14.5],
			"to": [9, 12.25, 14.75],
			"rotation": {"angle": 0, "axis": "y", "origin": [8.4375, 8, 8]},
			"faces": {
				"east": {"uv": [0.5, 7.5, 0.75, 9], "texture": "#1"},
				"south": {"uv": [0, 7.5, 1, 9], "texture": "#1"},
				"west": {"uv": [0, 7.5, 0.25, 9], "texture": "#1"},
				"up": {"uv": [0, 7.5, 1, 7.75], "texture": "#1"},
				"down": {"uv": [0, 8.5, 1, 8.75], "texture": "#1"}
			}
		},
		{
			"name": "tasche_oben",
			"from": [5.875, 9, 14],
			"to": [10.875, 13, 14.5],
			"rotation": {"angle": 0, "axis": "y", "origin": [8.4375, 8, 8]},
			"faces": {
				"east": {"uv": [15, 12, 16, 15], "texture": "#1"},
				"south": {"uv": [12.5, 12, 15, 15], "texture": "#1"},
				"west": {"uv": [11.5, 12, 12.5, 15], "texture": "#1"},
				"up": {"uv": [12.5, 12, 15, 11], "rotation": 180, "texture": "#1"},
				"down": {"uv": [12.5, 16, 15, 15], "rotation": 180, "texture": "#1"}
			}
		},
		{
			"name": "Schnalle",
			"from": [8, 4.25, 15.525],
			"to": [9, 5.75, 15.775],
			"rotation": {"angle": 0, "axis": "y", "origin": [8.4375, 8, 8]},
			"faces": {
				"east": {"uv": [0.5, 7.5, 0.75, 9], "texture": "#1"},
				"south": {"uv": [0, 7.5, 1, 9], "texture": "#1"},
				"west": {"uv": [0, 7.5, 0.25, 9], "texture": "#1"},
				"up": {"uv": [0, 7.5, 1, 7.75], "texture": "#1"},
				"down": {"uv": [0, 8.5, 1, 8.75], "texture": "#1"}
			}
		},
		{
			"name": "tasche_unten",
			"from": [5.875, 1, 14],
			"to": [10.875, 7, 15.5],
			"rotation": {"angle": 0, "axis": "y", "origin": [8.4375, 8, 8]},
			"faces": {
				"east": {"uv": [15, 12, 16, 15], "texture": "#1"},
				"south": {"uv": [12.5, 12, 15, 15], "texture": "#1"},
				"west": {"uv": [11.5, 12, 12.5, 15], "texture": "#1"},
				"up": {"uv": [12.5, 12, 15, 11], "rotation": 180, "texture": "#1"},
				"down": {"uv": [12.5, 16, 15, 15], "rotation": 180, "texture": "#1"}
			}
		},
		{
			"name": "Schnalle",
			"from": [3.75, 5.25, 7.5],
			"to": [4, 6.75, 8.5],
			"faces": {
				"north": {"uv": [0, 7.5, 0.25, 9], "texture": "#1"},
				"south": {"uv": [0.5, 7.5, 0.75, 9], "texture": "#1"},
				"west": {"uv": [0, 7.5, 1, 9], "texture": "#1"},
				"up": {"uv": [0, 7.5, 1, 7.75], "rotation": 90, "texture": "#1"},
				"down": {"uv": [0, 8.5, 1, 8.75], "rotation": 270, "texture": "#1"}
			}
		},
		{
			"name": "tasche_mitte",
			"from": [4, 1, 3],
			"to": [5, 8, 13],
			"faces": {
				"north": {"uv": [6, 12, 6.5, 15.5], "texture": "#1"},
				"south": {"uv": [10.5, 12, 11, 15.5], "texture": "#1"},
				"west": {"uv": [6, 12, 11, 15.5], "texture": "#1"},
				"up": {"uv": [6, 11.5, 11, 12], "rotation": 90, "texture": "#1"},
				"down": {"uv": [6, 15.5, 11, 16], "rotation": 90, "texture": "#1"}
			}
		}
	],
	"gui_light": "front",
	"display": {
		"thirdperson_righthand": {
			"rotation": [25, 49, 0],
			"translation": [0.25, 2.75, 2],
			"scale": [0.375, 0.375, 0.375]
		},
		"thirdperson_lefthand": {
			"rotation": [29, -138, 0],
			"translation": [0, 2.75, 1.75],
			"scale": [0.375, 0.375, 0.375]
		},
		"firstperson_righthand": {
			"translation": [3.5, 1, 2],
			"scale": [0.5, 0.5, 0.5]
		},
		"firstperson_lefthand": {
			"rotation": [0, -180, 0],
			"translation": [3.5, 1, 2],
			"scale": [0.5, 0.5, 0.5]
		},
		"ground": {
			"translation": [0, 8.25, 0],
			"scale": [0.9, 0.9, 0.91]
		},
		"gui": {
			"rotation": [13, 126, 0],
			"translation": [0.25, 0.75, 0],
			"scale": [0.88, 0.88, 0.88]
		},
		"head": {
			"rotation": [90, 90, -90],
			"translation": [0, -14, 7.25]
		},
		"fixed": {
			"rotation": [0, -90, 0],
			"translation": [-0.5, 0.25, 0.25],
			"scale": [0.9, 0.9, 0.9]
		}
	},
	"groups": [
		0,
		1,
		2,
		3,
		4,
		5,
		{
			"name": "Taschen",
			"origin": [0, 0, 0],
			"color": 0,
			"nbt": "{}",
			"armAnimationEnabled": false,
			"children": [6, 7, 8, 9]
		},
		{
			"name": "traeger",
			"origin": [0, 0, 0],
			"color": 0,
			"nbt": "{}",
			"armAnimationEnabled": false,
			"children": [10, 11]
		},
		{
			"name": "Taschen",
			"origin": [0, 0, 0],
			"color": 0,
			"nbt": "{}",
			"armAnimationEnabled": false,
			"children": [12, 13, 14, 15]
		},
		{
			"name": "tasche_mitte",
			"origin": [0, 0, 0],
			"color": 0,
			"nbt": "{}",
			"armAnimationEnabled": false,
			"children": [16, 17]
		}
	]
}