{
    "overrides": [
        {
            "predicate": {
                "nbt": {"MMOITEMS_ITEM_ID": "BLOODSNOUT_BLADE"}
            },
            "model": "minecraft:item/nbt/swords/bloodsnout_blade"
        },
		{
            "predicate": {
                "nbt": {"MMOITEMS_ITEM_ID": "BLOODSNOUT_BLADE",
						"MMOITEMS_NAME_PRE": '["&cRoasting"]'}
            },
            "model": "minecraft:item/nbt/swords/roasting_bloodsnout_blade"
        }
        
    ]
}







