{
  "overrides": [
	  {
	        "predicate": {
	          "nbt": {"MMOITEMS_ITEM_ID": "MYTHRIL_SWORD"}
	        },
	        "model": "minecraft:item/nbt/swords/mythril_sword"
	      },
    {
      "predicate": {
        "nbt": {"MMOITEMS_ITEM_ID": "STEEL_SWORD"}
      },
      "model": "minecraft:item/nbt/swords/steel_sword"
    },
	{
      "predicate": {
        "nbt": {"MMOITEMS_ITEM_ID": "UNSETTLING_BLADE"}
      },
      "model": "minecraft:item/nbt/swords/unsettling_blade"
    },
	{
      "predicate": {
        "nbt": {"MMOITEMS_ITEM_ID": "UNSETTLING_BLADE",
				"MMOITEMS_NAME_PRE": '["&cHaunted"]'}
      },
      "model": "minecraft:item/nbt/swords/haunted_unsettling_blade"
    }
  ]
}







