{
  "overrides": [
	{
      "predicate": {
        "nbt": {"MMOITEMS_ITEM_ID": "ONION_BOOTS"}
      },
      "model": "minecraft:item/nbt/armor/onion_boots"
    },
    {
      "predicate": {
        "nbt": {"MMOITEMS_ITEM_ID": "ZOMBIE_BOOTS"}
      },
      "model": "minecraft:item/nbt/armor/zombie_boots"
    },
	{
      "predicate": {
        "nbt": {"MMOITEMS_ITEM_ID": "CACTUS_BOOTS"}
      },
      "model": "minecraft:item/nbt/armor/cactus_boots"
    },
	{
      "predicate": {
        "nbt": {"MMOITEMS_ITEM_ID": "CACTUS_BOOTS",
				"MMOITEMS_NAME_PRE": '["&cSturdy"]'}
      },
      "model": "minecraft:item/nbt/armor/sturdy/cactus_boots"
    },
	{
      "predicate": {
        "nbt": {"MMOITEMS_ITEM_ID": "STONE_BOOTS"}
      },
      "model": "minecraft:item/nbt/armor/stone_boots"
    },
	{
      "predicate": {
        "nbt": {"MMOITEMS_ITEM_ID": "STONE_BOOTS",
				"MMOITEMS_NAME_PRE": '["&cStrong"]'}
      },
      "model": "minecraft:item/nbt/armor/strong/stone_boots"
    },
	{
      "predicate": {
        "nbt": {"MMOITEMS_ITEM_ID": "WOODEN_BOOTS"}
      },
      "model": "minecraft:item/nbt/armor/wooden_boots"
    },
	{
      "predicate": {
        "nbt": {"MMOITEMS_ITEM_ID": "WOODEN_BOOTS",
				"MMOITEMS_NAME_PRE": '["&cSturdy"]'}
      },
      "model": "minecraft:item/nbt/armor/sturdy/wooden_boots"
    },
	{
      "predicate": {
        "nbt": {"MMOITEMS_ITEM_ID": "COPPER_BOOTS"}
      },
      "model": "minecraft:item/nbt/armor/copper_boots"
    },
	{
      "predicate": {
        "nbt": {"MMOITEMS_ITEM_ID": "COPPER_BOOTS",
				"MMOITEMS_NAME_PRE": '["&cStrong"]'}
      },
      "model": "minecraft:item/nbt/armor/strong/copper_boots"
    },
	{
      "predicate": {
        "nbt": {"MMOITEMS_ITEM_ID": "SILK_BOOTS"}
      },
      "model": "minecraft:item/nbt/armor/silk_boots"
    },
	{
      "predicate": {
        "nbt": {"MMOITEMS_ITEM_ID": "SILK_BOOTS",
				  "MMOITEMS_NAME_PRE": '["&cSturdy"]'}
      },
      "model": "minecraft:item/nbt/armor/sturdy/silk_boots"
    },
	{
      "predicate": {
        "nbt": {"MMOITEMS_ITEM_ID": "SPARKING_SILK_BOOTS"}
      },
      "model": "minecraft:item/nbt/armor/sparking_silk_boots"
    },
	{
      "predicate": {
        "nbt": {"MMOITEMS_ITEM_ID": "SPARKING_SILK_BOOTS",
				  "MMOITEMS_NAME_PRE": '["&cStrong"]'}
      },
      "model": "minecraft:item/nbt/armor/strong/sparking_silk_boots"
    },
	{
      "predicate": {
        "nbt": {"MMOITEMS_ITEM_ID": "ACOLYTE_BOOTS"}
      },
      "model": "minecraft:item/nbt/armor/acolyte_boots"
    },
	{
      "predicate": {
        "nbt": {"MMOITEMS_ITEM_ID": "ACOLYTE_BOOTS",
				  "MMOITEMS_NAME_PRE": '["&cHaunted"]'}
      },
      "model": "minecraft:item/nbt/armor/haunted/acolyte_boots"
    },
	{
      "predicate": {
        "nbt": {"MMOITEMS_ITEM_ID": "BLOODSNOUT_MAGI_BOOTS"}
      },
      "model": "minecraft:item/nbt/armor/bloodsnout_magi_boots"
    },
	{
      "predicate": {
        "nbt": {"MMOITEMS_ITEM_ID": "BLOODSNOUT_MAGI_BOOTS",
				  "MMOITEMS_NAME_PRE": '["&cHeated"]'}
      },
      "model": "minecraft:item/nbt/armor/heated/bloodsnout_magi_boots"
    },
	{
      "predicate": {
        "nbt": {"MMOITEMS_ITEM_ID": "CINDERS_BOOTS"}
      },
      "model": "minecraft:item/nbt/armor/cinders_boots"
    },
	{
      "predicate": {
        "nbt": {"MMOITEMS_ITEM_ID": "CINDERS_BOOTS",
				  "MMOITEMS_NAME_PRE": '["&cWrathful"]'}
      },
      "model": "minecraft:item/nbt/armor/wrathful/cinders_boots"
    }
  ]
}







